model,usuari_id,entropy,entropy_norm,concentracio,gini,tema_dominant,esport,politica,humor,tecnologia,ciencia,cultura,salut,economia,viatges,moda
Engagement,0,0.0,0.0,1.0,0.9,politica,0,1.0,0,0,0,0,0,0,0,0
Engagement,1,0.0,0.0,1.0,0.9,viatges,0,0,0,0,0,0,0,0,1.0,0
Engagement,2,0.0,0.0,1.0,0.9,esport,1.0,0,0,0,0,0,0,0,0,0
Engagement,3,0.0,0.0,1.0,0.9,salut,0,0,0,0,0,0,1.0,0,0,0
Engagement,4,0.0,0.0,1.0,0.9,economia,0,0,0,0,0,0,0,1.0,0,0
Engagement,5,0.0,0.0,1.0,0.9,esport,1.0,0,0,0,0,0,0,0,0,0
Engagement,6,0.0,0.0,1.0,0.9,viatges,0,0,0,0,0,0,0,0,1.0,0
Engagement,7,0.4022,0.1211,0.92,0.884,economia,0.08,0,0,0,0,0,0,0.92,0,0
Engagement,8,0.2823,0.085,0.96,0.888,esport,0.96,0,0,0,0,0.02,0,0,0.02,0
Engagement,9,0.0,0.0,1.0,0.9,viatges,0,0,0,0,0,0,0,0,1.0,0
Engagement,10,0.0,0.0,1.0,0.9,viatges,0,0,0,0,0,0,0,0,1.0,0
Engagement,11,0.0,0.0,1.0,0.9,economia,0,0,0,0,0,0,0,1.0,0,0
Engagement,12,0.0,0.0,1.0,0.9,viatges,0,0,0,0,0,0,0,0,1.0,0
Engagement,13,0.0,0.0,1.0,0.9,politica,0,1.0,0,0,0,0,0,0,0,0
Engagement,14,0.0,0.0,1.0,0.9,viatges,0,0,0,0,0,0,0,0,1.0,0
Engagement,15,0.1414,0.0426,0.98,0.896,politica,0,0.98,0,0,0,0,0,0,0.02,0
Engagement,16,0.0,0.0,1.0,0.9,politica,0,1.0,0,0,0,0,0,0,0,0
Engagement,17,0.0,0.0,1.0,0.9,politica,0,1.0,0,0,0,0,0,0,0,0
Engagement,18,0.0,0.0,1.0,0.9,viatges,0,0,0,0,0,0,0,0,1.0,0
Engagement,19,0.0,0.0,1.0,0.9,viatges,0,0,0,0,0,0,0,0,1.0,0
Engagement,20,0.0,0.0,1.0,0.9,economia,0,0,0,0,0,0,0,1.0,0,0
Engagement,21,0.0,0.0,1.0,0.9,economia,0,0,0,0,0,0,0,1.0,0,0
Engagement,22,0.0,0.0,1.0,0.9,economia,0,0,0,0,0,0,0,1.0,0,0
Engagement,23,0.0,0.0,1.0,0.9,ciencia,0,0,0,0,1.0,0,0,0,0,0
Engagement,24,0.0,0.0,1.0,0.9,politica,0,1.0,0,0,0,0,0,0,0,0
Engagement,25,0.0,0.0,1.0,0.9,viatges,0,0,0,0,0,0,0,0,1.0,0
Engagement,26,0.0,0.0,1.0,0.9,economia,0,0,0,0,0,0,0,1.0,0,0
Engagement,27,0.0,0.0,1.0,0.9,esport,1.0,0,0,0,0,0,0,0,0,0
Engagement,28,0.0,0.0,1.0,0.9,economia,0,0,0,0,0,0,0,1.0,0,0
Engagement,29,0.0,0.0,1.0,0.9,politica,0,1.0,0,0,0,0,0,0,0,0
Engagement,30,0.0,0.0,1.0,0.9,viatges,0,0,0,0,0,0,0,0,1.0,0
Engagement,31,0.0,0.0,1.0,0.9,viatges,0,0,0,0,0,0,0,0,1.0,0
Engagement,32,0.0,0.0,1.0,0.9,economia,0,0,0,0,0,0,0,1.0,0,0
Engagement,33,0.0,0.0,1.0,0.9,viatges,0,0,0,0,0,0,0,0,1.0,0
Engagement,34,0.0,0.0,1.0,0.9,viatges,0,0,0,0,0,0,0,0,1.0,0
Engagement,35,0.0,0.0,1.0,0.9,viatges,0,0,0,0,0,0,0,0,1.0,0
Engagement,36,0.0,0.0,1.0,0.9,politica,0,1.0,0,0,0,0,0,0,0,0
Engagement,37,0.1414,0.0426,0.98,0.896,esport,0.98,0,0,0.02,0,0,0,0,0,0
Engagement,38,0.4022,0.1211,0.92,0.884,esport,0.92,0,0,0,0,0,0,0,0.08,0
Engagement,39,0.0,0.0,1.0,0.9,viatges,0,0,0,0,0,0,0,0,1.0,0
Engagement,40,0.0,0.0,1.0,0.9,viatges,0,0,0,0,0,0,0,0,1.0,0
Engagement,41,0.0,0.0,1.0,0.9,politica,0,1.0,0,0,0,0,0,0,0,0
Engagement,42,0.0,0.0,1.0,0.9,ciencia,0,0,0,0,1.0,0,0,0,0,0
Engagement,43,0.0,0.0,1.0,0.9,politica,0,1.0,0,0,0,0,0,0,0,0
Engagement,44,0.0,0.0,1.0,0.9,economia,0,0,0,0,0,0,0,1.0,0,0
Engagement,45,0.0,0.0,1.0,0.9,viatges,0,0,0,0,0,0,0,0,1.0,0
Engagement,46,0.0,0.0,1.0,0.9,politica,0,1.0,0,0,0,0,0,0,0,0
Engagement,47,0.0,0.0,1.0,0.9,viatges,0,0,0,0,0,0,0,0,1.0,0
Engagement,48,0.0,0.0,1.0,0.9,ciencia,0,0,0,0,1.0,0,0,0,0,0
Engagement,49,0.0,0.0,1.0,0.9,viatges,0,0,0,0,0,0,0,0,1.0,0
Ètic,0,3.046,0.917,0.16,0.28,viatges,0.1,0.14,0.16,0,0.12,0.02,0.12,0.1,0.16,0.08
Ètic,1,3.1101,0.9362,0.16,0.244,viatges,0.14,0.14,0.08,0,0.12,0.08,0.06,0.12,0.16,0.1
Ètic,2,3.097,0.9323,0.16,0.252,viatges,0.14,0.12,0.12,0,0.06,0.12,0.14,0.08,0.16,0.06
Ètic,3,3.1428,0.9461,0.14,0.196,viatges,0.08,0.1,0.08,0,0.12,0.1,0.14,0.12,0.14,0.12
Ètic,4,3.0603,0.9212,0.16,0.288,viatges,0.14,0.08,0.16,0,0.12,0.14,0.06,0.04,0.16,0.1
Ètic,5,2.9593,0.8908,0.2,0.296,viatges,0.12,0.1,0.12,0,0.14,0.1,0,0.12,0.2,0.1
Ètic,6,3.0441,0.9164,0.18,0.276,politica,0.1,0.18,0.1,0,0.02,0.12,0.12,0.1,0.16,0.1
Ètic,7,3.0922,0.9308,0.16,0.26,viatges,0.08,0.14,0.12,0,0.06,0.14,0.14,0.06,0.16,0.1
Ètic,8,3.1428,0.9461,0.14,0.196,humor,0.14,0.08,0.14,0,0.08,0.1,0.1,0.12,0.12,0.12
Ètic,9,3.0477,0.9175,0.18,0.304,viatges,0.14,0.08,0.1,0,0.04,0.14,0.06,0.16,0.18,0.1
Ètic,10,3.1053,0.9348,0.16,0.248,viatges,0.14,0.1,0.08,0,0.1,0.14,0.06,0.14,0.16,0.08
Ètic,11,3.0697,0.9241,0.18,0.288,viatges,0.08,0.14,0.06,0,0.08,0.16,0.12,0.06,0.18,0.12
Ètic,12,2.9159,0.8778,0.2,0.352,moda,0.14,0.06,0.14,0,0.08,0.12,0,0.1,0.16,0.2
Ètic,13,3.064,0.9224,0.14,0.24,viatges,0.12,0.14,0.08,0,0.02,0.14,0.12,0.12,0.14,0.12
Ètic,14,3.0052,0.9047,0.16,0.304,moda,0.12,0.16,0.12,0,0.02,0.14,0.04,0.1,0.14,0.16
Ètic,15,3.0889,0.9298,0.16,0.256,viatges,0.1,0.08,0.1,0,0.12,0.16,0.04,0.12,0.16,0.12
Ètic,16,3.0889,0.9298,0.14,0.236,moda,0.12,0.14,0.12,0,0.12,0.12,0.06,0.04,0.14,0.14
Ètic,17,3.098,0.9326,0.16,0.252,cultura,0.14,0.14,0.1,0,0.1,0.16,0.06,0.1,0.14,0.06
Ètic,18,3.0395,0.915,0.16,0.28,cultura,0.14,0.14,0.08,0,0.14,0.16,0.08,0.02,0.14,0.1
Ètic,19,3.1118,0.9367,0.16,0.24,viatges,0.1,0.12,0.12,0,0.1,0.08,0.16,0.06,0.16,0.1
Ètic,20,3.138,0.9446,0.14,0.204,politica,0.08,0.14,0.12,0,0.1,0.14,0.08,0.1,0.14,0.1
Ètic,21,3.0979,0.9325,0.16,0.24,viatges,0.14,0.08,0.12,0,0.12,0.04,0.12,0.1,0.16,0.12
Ètic,22,3.1339,0.9434,0.16,0.212,viatges,0.08,0.08,0.14,0,0.1,0.12,0.1,0.12,0.16,0.1
Ètic,23,3.0934,0.9312,0.18,0.264,viatges,0.16,0.08,0.12,0,0.08,0.1,0.06,0.12,0.18,0.1
Ètic,24,3.1477,0.9475,0.14,0.18,viatges,0.12,0.08,0.12,0,0.08,0.12,0.12,0.12,0.14,0.1
Ètic,25,2.9763,0.896,0.14,0.268,esport,0.14,0.12,0.14,0,0.1,0.14,0,0.14,0.14,0.08
Ètic,26,3.0608,0.9214,0.16,0.256,viatges,0.14,0.12,0.14,0,0.02,0.12,0.1,0.1,0.16,0.1
Ètic,27,3.0368,0.9142,0.2,0.316,viatges,0.12,0.1,0.08,0,0.1,0.16,0.06,0.04,0.2,0.14
Ètic,28,3.097,0.9323,0.16,0.252,viatges,0.12,0.14,0.12,0,0.12,0.06,0.06,0.14,0.16,0.08
Ètic,29,3.0097,0.906,0.18,0.32,humor,0.14,0.14,0.18,0,0.08,0.1,0.06,0.02,0.16,0.12
Ètic,30,3.0929,0.931,0.16,0.256,viatges,0.16,0.12,0.12,0,0.12,0.12,0.06,0.06,0.16,0.08
Ètic,31,2.9739,0.8952,0.16,0.284,viatges,0.12,0.14,0.12,0,0.1,0.1,0,0.1,0.16,0.16
Ètic,32,3.0861,0.929,0.18,0.268,viatges,0.12,0.1,0.06,0,0.1,0.16,0.1,0.06,0.18,0.12
Ètic,33,3.0886,0.9298,0.18,0.268,viatges,0.08,0.16,0.14,0,0.1,0.1,0.06,0.08,0.18,0.1
Ètic,34,3.0584,0.9207,0.18,0.292,viatges,0.12,0.14,0.1,0,0.06,0.16,0.04,0.1,0.18,0.1
Ètic,35,2.977,0.8962,0.16,0.272,esport,0.16,0.14,0.12,0,0.08,0.12,0,0.12,0.12,0.14
Ètic,36,3.138,0.9446,0.14,0.204,viatges,0.1,0.12,0.1,0,0.08,0.14,0.08,0.14,0.14,0.1
Ètic,37,3.128,0.9416,0.16,0.22,cultura,0.08,0.08,0.12,0,0.12,0.16,0.1,0.12,0.14,0.08
Ètic,38,3.1065,0.9351,0.18,0.244,viatges,0.1,0.12,0.1,0,0.08,0.08,0.08,0.16,0.18,0.1
Ètic,39,3.1028,0.934,0.16,0.248,viatges,0.12,0.06,0.1,0,0.1,0.14,0.14,0.06,0.16,0.12
Ètic,40,3.0795,0.927,0.18,0.264,viatges,0.12,0.14,0.12,0,0.08,0.04,0.12,0.08,0.18,0.12
Ètic,41,3.1082,0.9357,0.18,0.244,viatges,0.14,0.1,0.08,0,0.1,0.06,0.12,0.12,0.18,0.1
Ètic,42,3.1101,0.9362,0.16,0.244,cultura,0.08,0.14,0.12,0,0.12,0.16,0.08,0.06,0.14,0.1
Ètic,43,3.1012,0.9335,0.14,0.24,esport,0.14,0.12,0.12,0,0.08,0.14,0.06,0.06,0.14,0.14
Ètic,44,3.0889,0.9298,0.16,0.256,viatges,0.12,0.1,0.1,0,0.12,0.16,0.12,0.04,0.16,0.08
Ètic,45,3.1159,0.938,0.16,0.236,viatges,0.1,0.14,0.1,0,0.06,0.12,0.08,0.1,0.16,0.14
Ètic,46,3.1159,0.938,0.16,0.236,viatges,0.08,0.14,0.1,0,0.06,0.14,0.12,0.1,0.16,0.1
Ètic,47,3.0415,0.9156,0.16,0.284,politica,0.14,0.16,0.12,0,0.04,0.14,0.08,0.04,0.14,0.14
Ètic,48,3.1149,0.9377,0.16,0.232,humor,0.12,0.08,0.16,0,0.08,0.12,0.06,0.12,0.12,0.14
Ètic,49,3.0782,0.9266,0.16,0.272,viatges,0.12,0.14,0.08,0,0.1,0.12,0.08,0.04,0.16,0.16
Aleatori,0,3.1877,0.9596,0.18,0.236,humor,0.12,0.08,0.18,0.06,0.1,0.06,0.06,0.06,0.1,0.18
Aleatori,1,3.2203,0.9694,0.16,0.208,humor,0.14,0.12,0.16,0.1,0.08,0.06,0.04,0.08,0.08,0.14
Aleatori,2,3.0212,0.9095,0.22,0.324,viatges,0.14,0,0.14,0.12,0.08,0.06,0.04,0.08,0.22,0.12
Aleatori,3,2.9086,0.8756,0.22,0.384,humor,0.18,0.12,0.22,0.12,0.12,0.02,0.04,0,0.04,0.14
Aleatori,4,3.1299,0.9422,0.2,0.272,moda,0.08,0.1,0.1,0.1,0.18,0.06,0.06,0.02,0.1,0.2
Aleatori,5,3.1881,0.9597,0.16,0.224,viatges,0.08,0.12,0.1,0.1,0.14,0.02,0.06,0.08,0.16,0.14
Aleatori,6,3.0159,0.9079,0.2,0.332,moda,0.12,0.16,0.12,0.14,0.08,0.02,0.12,0.02,0.02,0.2
Aleatori,7,3.1976,0.9626,0.2,0.224,politica,0.16,0.2,0.08,0.06,0.1,0.06,0.08,0.1,0.06,0.1
Aleatori,8,3.177,0.9564,0.16,0.236,esport,0.16,0.14,0.14,0.04,0.04,0.06,0.12,0.06,0.12,0.12
Aleatori,9,3.1895,0.9601,0.2,0.236,ciencia,0.1,0.14,0.1,0.06,0.2,0.08,0.12,0.06,0.04,0.1
Aleatori,10,3.0177,0.9084,0.2,0.308,economia,0.1,0.16,0.1,0.1,0.1,0,0.14,0.2,0.08,0.02
Aleatori,11,3.1837,0.9584,0.2,0.244,moda,0.06,0.14,0.12,0.08,0.06,0.04,0.12,0.08,0.1,0.2
Aleatori,12,3.1628,0.9521,0.18,0.264,viatges,0.08,0.12,0.16,0.04,0.14,0.06,0.04,0.08,0.18,0.1
Aleatori,13,2.991,0.9004,0.24,0.348,humor,0.08,0.16,0.24,0.06,0.1,0.08,0,0.04,0.14,0.1
Aleatori,14,2.9879,0.8994,0.22,0.376,moda,0.08,0.12,0.2,0.06,0.1,0.02,0.04,0.02,0.14,0.22
Aleatori,15,3.0356,0.9138,0.2,0.348,moda,0.06,0.16,0.2,0.02,0.1,0.04,0.08,0.04,0.1,0.2
Aleatori,16,3.0624,0.9219,0.18,0.292,humor,0.14,0.12,0.18,0.16,0.06,0,0.12,0.06,0.06,0.1
Aleatori,17,3.1748,0.9557,0.22,0.244,moda,0.12,0.06,0.06,0.06,0.14,0.1,0.08,0.1,0.06,0.22
Aleatori,18,3.0615,0.9216,0.18,0.284,ciencia,0.12,0.14,0.14,0,0.18,0.12,0.04,0.08,0.06,0.12
Aleatori,19,3.1205,0.9394,0.22,0.288,moda,0.1,0.1,0.18,0.08,0.06,0.04,0.08,0.04,0.1,0.22
Aleatori,20,3.2529,0.9792,0.16,0.168,ciencia,0.08,0.08,0.12,0.12,0.16,0.06,0.06,0.08,0.12,0.12
Aleatori,21,3.0629,0.922,0.22,0.32,humor,0.08,0.1,0.22,0.12,0.12,0.02,0.1,0.06,0.02,0.16
Aleatori,22,3.1691,0.954,0.18,0.224,esport,0.18,0.1,0.12,0.04,0.1,0.02,0.1,0.1,0.1,0.14
Aleatori,23,3.0477,0.9175,0.24,0.336,humor,0.14,0.14,0.24,0.1,0.02,0.1,0.04,0.06,0.12,0.04
Aleatori,24,3.1753,0.9559,0.16,0.248,politica,0.12,0.16,0.12,0.08,0.08,0.04,0.06,0.14,0.04,0.16
Aleatori,25,3.2409,0.9756,0.14,0.176,salut,0.14,0.1,0.04,0.1,0.14,0.08,0.14,0.06,0.1,0.1
Aleatori,26,3.051,0.9184,0.28,0.308,politica,0.1,0.28,0.12,0.04,0.08,0.02,0.1,0.08,0.1,0.08
Aleatori,27,3.1652,0.9528,0.16,0.24,salut,0.1,0.14,0.08,0.08,0.14,0.02,0.16,0.12,0.12,0.04
Aleatori,28,3.1155,0.9378,0.2,0.3,humor,0.06,0.14,0.2,0.04,0.18,0.06,0.08,0.04,0.12,0.08
Aleatori,29,2.8182,0.8484,0.32,0.436,humor,0.16,0.06,0.32,0.02,0.12,0,0.12,0.06,0.06,0.08
Aleatori,30,3.0261,0.911,0.2,0.324,politica,0.14,0.2,0.16,0.04,0.14,0,0.08,0.1,0.06,0.08
Aleatori,31,3.0095,0.9059,0.22,0.36,moda,0.06,0.02,0.18,0.1,0.14,0.02,0.1,0.04,0.12,0.22
Aleatori,32,2.993,0.901,0.24,0.344,politica,0.1,0.24,0.12,0.08,0.1,0.06,0.06,0,0.06,0.18
Aleatori,33,3.2122,0.967,0.14,0.204,economia,0.14,0.1,0.12,0.04,0.12,0.04,0.08,0.14,0.08,0.14
Aleatori,34,3.1191,0.9389,0.2,0.296,moda,0.16,0.12,0.16,0.06,0.04,0.04,0.06,0.08,0.08,0.2
Aleatori,35,2.7733,0.8349,0.32,0.464,humor,0.12,0.16,0.32,0.04,0.04,0.02,0.14,0.06,0.1,0
Aleatori,36,3.1879,0.9596,0.22,0.228,humor,0.06,0.1,0.22,0.08,0.14,0.06,0.08,0.06,0.1,0.1
Aleatori,37,3.1978,0.9626,0.18,0.228,ciencia,0.12,0.08,0.16,0.12,0.18,0.04,0.08,0.06,0.08,0.08
Aleatori,38,3.2539,0.9795,0.16,0.172,moda,0.06,0.06,0.12,0.1,0.1,0.08,0.1,0.14,0.08,0.16
Aleatori,39,3.1407,0.9454,0.18,0.28,esport,0.18,0.16,0.16,0.04,0.12,0.04,0.06,0.08,0.1,0.06
Aleatori,40,3.1706,0.9544,0.2,0.252,humor,0.12,0.14,0.2,0.04,0.12,0.08,0.12,0.06,0.06,0.06
Aleatori,41,3.0346,0.9135,0.18,0.312,economia,0.06,0.12,0.16,0.06,0.14,0,0.1,0.18,0.14,0.04
Aleatori,42,3.0959,0.9319,0.2,0.308,ciencia,0.14,0.12,0.12,0.02,0.2,0.06,0.08,0.04,0.16,0.06
Aleatori,43,3.0662,0.923,0.2,0.328,ciencia,0.14,0.06,0.12,0.04,0.2,0.02,0.1,0.04,0.1,0.18
Aleatori,44,3.0521,0.9188,0.24,0.332,humor,0.06,0.18,0.24,0.08,0.12,0.02,0.06,0.06,0.12,0.06
Aleatori,45,2.9237,0.8801,0.28,0.408,humor,0.1,0.04,0.28,0.04,0.2,0.02,0.12,0.06,0.04,0.1
Aleatori,46,3.0584,0.9207,0.18,0.292,moda,0.04,0.16,0.1,0,0.12,0.1,0.14,0.06,0.1,0.18
Aleatori,47,3.0419,0.9157,0.28,0.316,humor,0.08,0.04,0.28,0.06,0.08,0.06,0.08,0.08,0.06,0.18
Aleatori,48,3.1009,0.9335,0.22,0.3,salut,0.1,0.16,0.1,0.02,0.08,0.06,0.22,0.04,0.1,0.12
Aleatori,49,3.1432,0.9462,0.2,0.276,ciencia,0.12,0.06,0.18,0.06,0.2,0.06,0.08,0.08,0.04,0.12
