model,iteracio,esport,politica,humor,tecnologia,ciencia,cultura,salut,economia,viatges,moda
Engagement,0,0.663703475398224,0.5969085571333561,0.4082505611764669,0.5462820616116815,0.4670223792930585,0.5545954078695867,0.5289031268884268,0.576925683443756,0.2794598159881144,0.49528780817912527
Engagement,1,0.743703475398224,0.5969085571333561,0.4082505611764669,0.5462820616116815,0.4670223792930585,0.5545954078695867,0.5289031268884268,0.576925683443756,0.2794598159881144,0.49528780817912527
Engagement,2,0.823703475398224,0.5969085571333561,0.4082505611764669,0.5462820616116815,0.4670223792930585,0.5545954078695867,0.5289031268884268,0.576925683443756,0.2794598159881144,0.49528780817912527
Engagement,3,0.9037034753982239,0.5969085571333561,0.4082505611764669,0.5462820616116815,0.4670223792930585,0.5545954078695867,0.5289031268884268,0.576925683443756,0.2794598159881144,0.49528780817912527
Engagement,4,0.9837034753982239,0.5969085571333561,0.4082505611764669,0.5462820616116815,0.4670223792930585,0.5545954078695867,0.5289031268884268,0.576925683443756,0.2794598159881144,0.49528780817912527
Engagement,5,1.0,0.5969085571333561,0.4082505611764669,0.5462820616116815,0.4670223792930585,0.5545954078695867,0.5289031268884268,0.576925683443756,0.2794598159881144,0.49528780817912527
Engagement,6,1.0,0.5969085571333561,0.4082505611764669,0.5462820616116815,0.4670223792930585,0.5545954078695867,0.5289031268884268,0.576925683443756,0.2794598159881144,0.49528780817912527
Engagement,7,1.0,0.5969085571333561,0.4082505611764669,0.5462820616116815,0.4670223792930585,0.5545954078695867,0.5289031268884268,0.576925683443756,0.2794598159881144,0.49528780817912527
Engagement,8,1.0,0.5969085571333561,0.4082505611764669,0.5462820616116815,0.4670223792930585,0.5545954078695867,0.5289031268884268,0.576925683443756,0.2794598159881144,0.49528780817912527
Engagement,9,1.0,0.5969085571333561,0.4082505611764669,0.5462820616116815,0.4670223792930585,0.5545954078695867,0.5289031268884268,0.576925683443756,0.2794598159881144,0.49528780817912527
Engagement,10,1.0,0.5969085571333561,0.4082505611764669,0.5462820616116815,0.4670223792930585,0.5545954078695867,0.5289031268884268,0.576925683443756,0.2794598159881144,0.49528780817912527
Engagement,11,1.0,0.5969085571333561,0.4082505611764669,0.5462820616116815,0.4670223792930585,0.5545954078695867,0.5289031268884268,0.576925683443756,0.2794598159881144,0.49528780817912527
Engagement,12,1.0,0.5969085571333561,0.4082505611764669,0.5462820616116815,0.4670223792930585,0.5545954078695867,0.5289031268884268,0.576925683443756,0.2794598159881144,0.49528780817912527
Engagement,13,1.0,0.5969085571333561,0.4082505611764669,0.5462820616116815,0.4670223792930585,0.5545954078695867,0.5289031268884268,0.576925683443756,0.2794598159881144,0.49528780817912527
Engagement,14,1.0,0.5969085571333561,0.4082505611764669,0.5462820616116815,0.4670223792930585,0.5545954078695867,0.5289031268884268,0.576925683443756,0.2794598159881144,0.49528780817912527
Engagement,15,1.0,0.5969085571333561,0.4082505611764669,0.5462820616116815,0.4670223792930585,0.5545954078695867,0.5289031268884268,0.576925683443756,0.2794598159881144,0.49528780817912527
Engagement,16,1.0,0.5969085571333561,0.4082505611764669,0.5462820616116815,0.4670223792930585,0.5545954078695867,0.5289031268884268,0.576925683443756,0.2794598159881144,0.49528780817912527
Engagement,17,1.0,0.5969085571333561,0.4082505611764669,0.5462820616116815,0.4670223792930585,0.5545954078695867,0.5289031268884268,0.576925683443756,0.2794598159881144,0.49528780817912527
Engagement,18,1.0,0.5969085571333561,0.4082505611764669,0.5462820616116815,0.4670223792930585,0.5545954078695867,0.5289031268884268,0.576925683443756,0.2794598159881144,0.49528780817912527
Engagement,19,1.0,0.5969085571333561,0.4082505611764669,0.5462820616116815,0.4670223792930585,0.5545954078695867,0.5289031268884268,0.576925683443756,0.2794598159881144,0.49528780817912527
Engagement,20,1.0,0.5969085571333561,0.4082505611764669,0.5462820616116815,0.4670223792930585,0.5545954078695867,0.5289031268884268,0.576925683443756,0.2794598159881144,0.49528780817912527
Engagement,21,1.0,0.5969085571333561,0.4082505611764669,0.5462820616116815,0.4670223792930585,0.5545954078695867,0.5289031268884268,0.576925683443756,0.2794598159881144,0.49528780817912527
Engagement,22,1.0,0.5969085571333561,0.4082505611764669,0.5462820616116815,0.4670223792930585,0.5545954078695867,0.5289031268884268,0.576925683443756,0.2794598159881144,0.49528780817912527
Engagement,23,0.97,0.5969085571333561,0.4082505611764669,0.5462820616116815,0.4670223792930585,0.5545954078695867,0.5289031268884268,0.576925683443756,0.2794598159881144,0.49528780817912527
Engagement,24,1.0,0.5969085571333561,0.4082505611764669,0.5462820616116815,0.4670223792930585,0.5545954078695867,0.5289031268884268,0.576925683443756,0.2794598159881144,0.49528780817912527
Engagement,25,1.0,0.5969085571333561,0.4082505611764669,0.5462820616116815,0.4670223792930585,0.5545954078695867,0.5289031268884268,0.576925683443756,0.2794598159881144,0.49528780817912527
Engagement,26,1.0,0.5969085571333561,0.4082505611764669,0.5462820616116815,0.4670223792930585,0.5545954078695867,0.5289031268884268,0.576925683443756,0.2794598159881144,0.49528780817912527
Engagement,27,1.0,0.5969085571333561,0.4082505611764669,0.5462820616116815,0.4670223792930585,0.5545954078695867,0.5289031268884268,0.576925683443756,0.2794598159881144,0.49528780817912527
Engagement,28,1.0,0.5969085571333561,0.4082505611764669,0.5462820616116815,0.4670223792930585,0.5545954078695867,0.5289031268884268,0.576925683443756,0.2794598159881144,0.49528780817912527
Engagement,29,1.0,0.5969085571333561,0.4082505611764669,0.5462820616116815,0.4670223792930585,0.5545954078695867,0.5289031268884268,0.576925683443756,0.2794598159881144,0.49528780817912527
Engagement,30,1.0,0.5969085571333561,0.4082505611764669,0.5462820616116815,0.4670223792930585,0.5545954078695867,0.5289031268884268,0.576925683443756,0.2794598159881144,0.49528780817912527
Engagement,31,1.0,0.5969085571333561,0.4082505611764669,0.5462820616116815,0.4670223792930585,0.5545954078695867,0.5289031268884268,0.576925683443756,0.2794598159881144,0.49528780817912527
Engagement,32,1.0,0.5969085571333561,0.4082505611764669,0.5462820616116815,0.4670223792930585,0.5545954078695867,0.5289031268884268,0.576925683443756,0.2794598159881144,0.49528780817912527
Engagement,33,1.0,0.5969085571333561,0.4082505611764669,0.5462820616116815,0.4670223792930585,0.5545954078695867,0.5289031268884268,0.576925683443756,0.2794598159881144,0.49528780817912527
Engagement,34,1.0,0.5969085571333561,0.4082505611764669,0.5462820616116815,0.4670223792930585,0.5545954078695867,0.5289031268884268,0.576925683443756,0.2794598159881144,0.49528780817912527
Engagement,35,1.0,0.5969085571333561,0.4082505611764669,0.5462820616116815,0.4670223792930585,0.5545954078695867,0.5289031268884268,0.576925683443756,0.2794598159881144,0.49528780817912527
Engagement,36,1.0,0.5969085571333561,0.4082505611764669,0.5462820616116815,0.4670223792930585,0.5545954078695867,0.5289031268884268,0.576925683443756,0.2794598159881144,0.49528780817912527
Engagement,37,1.0,0.5969085571333561,0.4082505611764669,0.5462820616116815,0.4670223792930585,0.5545954078695867,0.5289031268884268,0.576925683443756,0.2794598159881144,0.49528780817912527
Engagement,38,1.0,0.5969085571333561,0.4082505611764669,0.5462820616116815,0.4670223792930585,0.5545954078695867,0.5289031268884268,0.576925683443756,0.2794598159881144,0.49528780817912527
Engagement,39,1.0,0.5969085571333561,0.4082505611764669,0.5462820616116815,0.4670223792930585,0.5545954078695867,0.5289031268884268,0.576925683443756,0.2794598159881144,0.49528780817912527
Engagement,40,1.0,0.5969085571333561,0.4082505611764669,0.5462820616116815,0.4670223792930585,0.5545954078695867,0.5289031268884268,0.576925683443756,0.2794598159881144,0.49528780817912527
Engagement,41,1.0,0.5969085571333561,0.4082505611764669,0.5462820616116815,0.4670223792930585,0.5545954078695867,0.5289031268884268,0.576925683443756,0.2794598159881144,0.49528780817912527
Engagement,42,1.0,0.5969085571333561,0.4082505611764669,0.5462820616116815,0.4670223792930585,0.5545954078695867,0.5289031268884268,0.576925683443756,0.2794598159881144,0.49528780817912527
Engagement,43,1.0,0.5969085571333561,0.4082505611764669,0.5462820616116815,0.4670223792930585,0.5545954078695867,0.5289031268884268,0.576925683443756,0.2794598159881144,0.49528780817912527
Engagement,44,1.0,0.5969085571333561,0.4082505611764669,0.5462820616116815,0.4670223792930585,0.5545954078695867,0.5289031268884268,0.576925683443756,0.2794598159881144,0.49528780817912527
Engagement,45,1.0,0.5969085571333561,0.4082505611764669,0.5462820616116815,0.4670223792930585,0.5545954078695867,0.5289031268884268,0.576925683443756,0.2794598159881144,0.49528780817912527
Engagement,46,1.0,0.5969085571333561,0.4082505611764669,0.5462820616116815,0.4670223792930585,0.5545954078695867,0.5289031268884268,0.576925683443756,0.2794598159881144,0.49528780817912527
Engagement,47,1.0,0.5969085571333561,0.4082505611764669,0.5462820616116815,0.4670223792930585,0.5545954078695867,0.5289031268884268,0.576925683443756,0.2794598159881144,0.49528780817912527
Engagement,48,1.0,0.5969085571333561,0.4082505611764669,0.5462820616116815,0.4670223792930585,0.5545954078695867,0.5289031268884268,0.576925683443756,0.2794598159881144,0.49528780817912527
Engagement,49,1.0,0.5969085571333561,0.4082505611764669,0.5462820616116815,0.4670223792930585,0.5545954078695867,0.5289031268884268,0.576925683443756,0.2794598159881144,0.49528780817912527
Ètic,0,0.663703475398224,0.6269085571333561,0.4082505611764669,0.5462820616116815,0.4670223792930585,0.5545954078695867,0.5289031268884268,0.576925683443756,0.24945981598811443,0.49528780817912527
Ètic,1,0.663703475398224,0.6269085571333561,0.4082505611764669,0.5462820616116815,0.4670223792930585,0.5245954078695867,0.5289031268884268,0.576925683443756,0.24945981598811443,0.49528780817912527
Ètic,2,0.663703475398224,0.6269085571333561,0.4082505611764669,0.5462820616116815,0.43702237929305854,0.5245954078695867,0.5289031268884268,0.576925683443756,0.24945981598811443,0.49528780817912527
Ètic,3,0.743703475398224,0.6269085571333561,0.4082505611764669,0.5462820616116815,0.43702237929305854,0.5245954078695867,0.5289031268884268,0.576925683443756,0.24945981598811443,0.49528780817912527
Ètic,4,0.743703475398224,0.7069085571333561,0.4082505611764669,0.5462820616116815,0.43702237929305854,0.5245954078695867,0.5289031268884268,0.576925683443756,0.24945981598811443,0.49528780817912527
Ètic,5,0.743703475398224,0.7069085571333561,0.4882505611764669,0.5462820616116815,0.43702237929305854,0.5245954078695867,0.5289031268884268,0.576925683443756,0.24945981598811443,0.49528780817912527
Ètic,6,0.743703475398224,0.7069085571333561,0.4882505611764669,0.5462820616116815,0.43702237929305854,0.5245954078695867,0.5289031268884268,0.576925683443756,0.21945981598811443,0.49528780817912527
Ètic,7,0.743703475398224,0.7069085571333561,0.4882505611764669,0.5462820616116815,0.43702237929305854,0.5245954078695867,0.5289031268884268,0.656925683443756,0.21945981598811443,0.49528780817912527
Ètic,8,0.743703475398224,0.7069085571333561,0.4882505611764669,0.5462820616116815,0.43702237929305854,0.49459540786958667,0.5289031268884268,0.656925683443756,0.21945981598811443,0.49528780817912527
Ètic,9,0.743703475398224,0.7069085571333561,0.4882505611764669,0.5462820616116815,0.4070223792930585,0.49459540786958667,0.5289031268884268,0.656925683443756,0.21945981598811443,0.49528780817912527
Ètic,10,0.743703475398224,0.7069085571333561,0.4882505611764669,0.5462820616116815,0.4070223792930585,0.49459540786958667,0.49890312688842675,0.656925683443756,0.21945981598811443,0.49528780817912527
Ètic,11,0.713703475398224,0.7069085571333561,0.4882505611764669,0.5462820616116815,0.4070223792930585,0.49459540786958667,0.49890312688842675,0.656925683443756,0.21945981598811443,0.49528780817912527
Ètic,12,0.713703475398224,0.7069085571333561,0.4582505611764669,0.5462820616116815,0.4070223792930585,0.49459540786958667,0.49890312688842675,0.656925683443756,0.21945981598811443,0.49528780817912527
Ètic,13,0.713703475398224,0.7069085571333561,0.4582505611764669,0.5462820616116815,0.4070223792930585,0.49459540786958667,0.49890312688842675,0.656925683443756,0.18945981598811443,0.49528780817912527
Ètic,14,0.713703475398224,0.7069085571333561,0.4582505611764669,0.5462820616116815,0.4070223792930585,0.5745954078695866,0.49890312688842675,0.656925683443756,0.18945981598811443,0.49528780817912527
Ètic,15,0.713703475398224,0.7069085571333561,0.4582505611764669,0.5462820616116815,0.4070223792930585,0.5745954078695866,0.49890312688842675,0.656925683443756,0.18945981598811443,0.5752878081791253
Ètic,16,0.713703475398224,0.7069085571333561,0.4582505611764669,0.5462820616116815,0.4070223792930585,0.5745954078695866,0.5789031268884267,0.656925683443756,0.18945981598811443,0.5752878081791253
Ètic,17,0.713703475398224,0.7069085571333561,0.4582505611764669,0.5462820616116815,0.3770223792930585,0.5745954078695866,0.5789031268884267,0.656925683443756,0.18945981598811443,0.5752878081791253
Ètic,18,0.713703475398224,0.7869085571333561,0.4582505611764669,0.5462820616116815,0.3770223792930585,0.5745954078695866,0.5789031268884267,0.656925683443756,0.18945981598811443,0.5752878081791253
Ètic,19,0.713703475398224,0.7869085571333561,0.5382505611764669,0.5462820616116815,0.3770223792930585,0.5745954078695866,0.5789031268884267,0.656925683443756,0.18945981598811443,0.5752878081791253
Ètic,20,0.713703475398224,0.7869085571333561,0.5382505611764669,0.5462820616116815,0.3770223792930585,0.5745954078695866,0.5789031268884267,0.656925683443756,0.15945981598811443,0.5752878081791253
Ètic,21,0.793703475398224,0.7869085571333561,0.5382505611764669,0.5462820616116815,0.3770223792930585,0.5745954078695866,0.5789031268884267,0.656925683443756,0.15945981598811443,0.5752878081791253
Ètic,22,0.793703475398224,0.7869085571333561,0.5382505611764669,0.5462820616116815,0.3770223792930585,0.6545954078695866,0.5789031268884267,0.656925683443756,0.15945981598811443,0.5752878081791253
Ètic,23,0.793703475398224,0.7869085571333561,0.5382505611764669,0.5462820616116815,0.3770223792930585,0.6545954078695866,0.5789031268884267,0.656925683443756,0.12945981598811443,0.5752878081791253
Ètic,24,0.793703475398224,0.7869085571333561,0.5382505611764669,0.5462820616116815,0.3770223792930585,0.6545954078695866,0.5489031268884267,0.656925683443756,0.12945981598811443,0.5752878081791253
Ètic,25,0.793703475398224,0.866908557133356,0.5382505611764669,0.5462820616116815,0.3770223792930585,0.6545954078695866,0.5489031268884267,0.656925683443756,0.12945981598811443,0.5752878081791253
Ètic,26,0.793703475398224,0.866908557133356,0.5382505611764669,0.5462820616116815,0.3770223792930585,0.6545954078695866,0.5489031268884267,0.656925683443756,0.20945981598811442,0.5752878081791253
Ètic,27,0.793703475398224,0.866908557133356,0.5382505611764669,0.5462820616116815,0.3770223792930585,0.6545954078695866,0.5489031268884267,0.736925683443756,0.20945981598811442,0.5752878081791253
Ètic,28,0.793703475398224,0.866908557133356,0.6182505611764668,0.5462820616116815,0.3770223792930585,0.6545954078695866,0.5489031268884267,0.736925683443756,0.20945981598811442,0.5752878081791253
Ètic,29,0.793703475398224,0.866908557133356,0.6182505611764668,0.5462820616116815,0.34702237929305846,0.6545954078695866,0.5489031268884267,0.736925683443756,0.20945981598811442,0.5752878081791253
Ètic,30,0.793703475398224,0.866908557133356,0.6182505611764668,0.5462820616116815,0.34702237929305846,0.6545954078695866,0.5489031268884267,0.736925683443756,0.28945981598811443,0.5752878081791253
Ètic,31,0.7637034753982239,0.866908557133356,0.6182505611764668,0.5462820616116815,0.34702237929305846,0.6545954078695866,0.5489031268884267,0.736925683443756,0.28945981598811443,0.5752878081791253
Ètic,32,0.7637034753982239,0.866908557133356,0.6182505611764668,0.5462820616116815,0.34702237929305846,0.6245954078695866,0.5489031268884267,0.736925683443756,0.28945981598811443,0.5752878081791253
Ètic,33,0.7637034753982239,0.946908557133356,0.6182505611764668,0.5462820616116815,0.34702237929305846,0.6245954078695866,0.5489031268884267,0.736925683443756,0.28945981598811443,0.5752878081791253
Ètic,34,0.7637034753982239,0.946908557133356,0.6182505611764668,0.5462820616116815,0.34702237929305846,0.6245954078695866,0.5489031268884267,0.736925683443756,0.2594598159881144,0.5752878081791253
Ètic,35,0.7637034753982239,0.946908557133356,0.6182505611764668,0.5462820616116815,0.34702237929305846,0.6245954078695866,0.5189031268884267,0.736925683443756,0.2594598159881144,0.5752878081791253
Ètic,36,0.7637034753982239,0.946908557133356,0.6182505611764668,0.5462820616116815,0.34702237929305846,0.6245954078695866,0.5189031268884267,0.736925683443756,0.3394598159881144,0.5752878081791253
Ètic,37,0.7637034753982239,0.946908557133356,0.6182505611764668,0.5462820616116815,0.34702237929305846,0.6245954078695866,0.5189031268884267,0.8169256834437559,0.3394598159881144,0.5752878081791253
Ètic,38,0.7637034753982239,0.946908557133356,0.6182505611764668,0.5462820616116815,0.34702237929305846,0.7045954078695865,0.5189031268884267,0.8169256834437559,0.3394598159881144,0.5752878081791253
Ètic,39,0.7637034753982239,0.946908557133356,0.6182505611764668,0.5462820616116815,0.34702237929305846,0.7045954078695865,0.5189031268884267,0.8169256834437559,0.3394598159881144,0.5452878081791253
Ètic,40,0.7637034753982239,0.946908557133356,0.6182505611764668,0.5462820616116815,0.34702237929305846,0.7045954078695865,0.5189031268884267,0.8169256834437559,0.41945981598811444,0.5452878081791253
Ètic,41,0.8437034753982239,0.946908557133356,0.6182505611764668,0.5462820616116815,0.34702237929305846,0.7045954078695865,0.5189031268884267,0.8169256834437559,0.41945981598811444,0.5452878081791253
Ètic,42,0.8437034753982239,0.946908557133356,0.6182505611764668,0.5462820616116815,0.31702237929305843,0.7045954078695865,0.5189031268884267,0.8169256834437559,0.41945981598811444,0.5452878081791253
Ètic,43,0.8437034753982239,1.0,0.6182505611764668,0.5462820616116815,0.31702237929305843,0.7045954078695865,0.5189031268884267,0.8169256834437559,0.41945981598811444,0.5452878081791253
Ètic,44,0.8437034753982239,1.0,0.6182505611764668,0.5462820616116815,0.31702237929305843,0.6745954078695865,0.5189031268884267,0.8169256834437559,0.41945981598811444,0.5452878081791253
Ètic,45,0.8437034753982239,1.0,0.6182505611764668,0.5462820616116815,0.31702237929305843,0.6745954078695865,0.5989031268884266,0.8169256834437559,0.41945981598811444,0.5452878081791253
Ètic,46,0.8437034753982239,1.0,0.6182505611764668,0.5462820616116815,0.31702237929305843,0.6745954078695865,0.5989031268884266,0.8169256834437559,0.41945981598811444,0.6252878081791252
Ètic,47,0.8437034753982239,1.0,0.5882505611764668,0.5462820616116815,0.31702237929305843,0.6745954078695865,0.5989031268884266,0.8169256834437559,0.41945981598811444,0.6252878081791252
Ètic,48,0.8437034753982239,1.0,0.5882505611764668,0.5462820616116815,0.31702237929305843,0.6745954078695865,0.5989031268884266,0.8169256834437559,0.49945981598811445,0.6252878081791252
Ètic,49,0.9237034753982238,1.0,0.5882505611764668,0.5462820616116815,0.31702237929305843,0.6745954078695865,0.5989031268884266,0.8169256834437559,0.49945981598811445,0.6252878081791252
Aleatori,0,0.663703475398224,0.5969085571333561,0.4082505611764669,0.5462820616116815,0.4670223792930585,0.5545954078695867,0.5289031268884268,0.576925683443756,0.2794598159881144,0.49528780817912527
Aleatori,1,0.663703475398224,0.5969085571333561,0.4082505611764669,0.5462820616116815,0.4670223792930585,0.5545954078695867,0.5289031268884268,0.576925683443756,0.35945981598811444,0.49528780817912527
Aleatori,2,0.663703475398224,0.5969085571333561,0.4082505611764669,0.5462820616116815,0.4670223792930585,0.5545954078695867,0.5289031268884268,0.576925683443756,0.35945981598811444,0.4652878081791253
Aleatori,3,0.743703475398224,0.5969085571333561,0.4082505611764669,0.5462820616116815,0.4670223792930585,0.5545954078695867,0.5289031268884268,0.576925683443756,0.35945981598811444,0.4652878081791253
Aleatori,4,0.743703475398224,0.5969085571333561,0.4082505611764669,0.6262820616116814,0.4670223792930585,0.5545954078695867,0.5289031268884268,0.576925683443756,0.35945981598811444,0.4652878081791253
Aleatori,5,0.743703475398224,0.5969085571333561,0.4082505611764669,0.6262820616116814,0.4670223792930585,0.5545954078695867,0.6089031268884267,0.576925683443756,0.35945981598811444,0.4652878081791253
Aleatori,6,0.743703475398224,0.5969085571333561,0.4082505611764669,0.6262820616116814,0.4670223792930585,0.5545954078695867,0.6089031268884267,0.576925683443756,0.35945981598811444,0.43528780817912527
Aleatori,7,0.743703475398224,0.6769085571333561,0.4082505611764669,0.6262820616116814,0.4670223792930585,0.5545954078695867,0.6089031268884267,0.576925683443756,0.35945981598811444,0.43528780817912527
Aleatori,8,0.743703475398224,0.6769085571333561,0.4082505611764669,0.6262820616116814,0.5470223792930585,0.5545954078695867,0.6089031268884267,0.576925683443756,0.35945981598811444,0.43528780817912527
Aleatori,9,0.743703475398224,0.6769085571333561,0.4082505611764669,0.6262820616116814,0.5470223792930585,0.5545954078695867,0.5789031268884267,0.576925683443756,0.35945981598811444,0.43528780817912527
Aleatori,10,0.743703475398224,0.756908557133356,0.4082505611764669,0.6262820616116814,0.5470223792930585,0.5545954078695867,0.5789031268884267,0.576925683443756,0.35945981598811444,0.43528780817912527
Aleatori,11,0.743703475398224,0.756908557133356,0.37825056117646694,0.6262820616116814,0.5470223792930585,0.5545954078695867,0.5789031268884267,0.576925683443756,0.35945981598811444,0.43528780817912527
Aleatori,12,0.743703475398224,0.756908557133356,0.3482505611764669,0.6262820616116814,0.5470223792930585,0.5545954078695867,0.5789031268884267,0.576925683443756,0.35945981598811444,0.43528780817912527
Aleatori,13,0.743703475398224,0.756908557133356,0.3482505611764669,0.6262820616116814,0.5470223792930585,0.5545954078695867,0.5789031268884267,0.576925683443756,0.35945981598811444,0.5152878081791252
Aleatori,14,0.713703475398224,0.756908557133356,0.3482505611764669,0.6262820616116814,0.5470223792930585,0.5545954078695867,0.5789031268884267,0.576925683443756,0.35945981598811444,0.5152878081791252
Aleatori,15,0.713703475398224,0.756908557133356,0.3482505611764669,0.6262820616116814,0.5470223792930585,0.5545954078695867,0.6589031268884267,0.576925683443756,0.35945981598811444,0.5152878081791252
Aleatori,16,0.713703475398224,0.836908557133356,0.3482505611764669,0.6262820616116814,0.5470223792930585,0.5545954078695867,0.6589031268884267,0.576925683443756,0.35945981598811444,0.5152878081791252
Aleatori,17,0.713703475398224,0.836908557133356,0.3482505611764669,0.6262820616116814,0.5470223792930585,0.5245954078695867,0.6589031268884267,0.576925683443756,0.35945981598811444,0.5152878081791252
Aleatori,18,0.713703475398224,0.836908557133356,0.3482505611764669,0.6262820616116814,0.5470223792930585,0.5245954078695867,0.6589031268884267,0.656925683443756,0.35945981598811444,0.5152878081791252
Aleatori,19,0.713703475398224,0.836908557133356,0.3482505611764669,0.6262820616116814,0.5470223792930585,0.5245954078695867,0.6589031268884267,0.626925683443756,0.35945981598811444,0.5152878081791252
Aleatori,20,0.713703475398224,0.836908557133356,0.3482505611764669,0.6262820616116814,0.5470223792930585,0.5245954078695867,0.6589031268884267,0.626925683443756,0.35945981598811444,0.5952878081791252
Aleatori,21,0.713703475398224,0.916908557133356,0.3482505611764669,0.6262820616116814,0.5470223792930585,0.5245954078695867,0.6589031268884267,0.626925683443756,0.35945981598811444,0.5952878081791252
Aleatori,22,0.713703475398224,0.916908557133356,0.3482505611764669,0.6262820616116814,0.5470223792930585,0.5245954078695867,0.7389031268884266,0.626925683443756,0.35945981598811444,0.5952878081791252
Aleatori,23,0.713703475398224,0.916908557133356,0.4282505611764669,0.6262820616116814,0.5470223792930585,0.5245954078695867,0.7389031268884266,0.626925683443756,0.35945981598811444,0.5952878081791252
Aleatori,24,0.713703475398224,0.916908557133356,0.39825056117646696,0.6262820616116814,0.5470223792930585,0.5245954078695867,0.7389031268884266,0.626925683443756,0.35945981598811444,0.5952878081791252
Aleatori,25,0.713703475398224,0.916908557133356,0.39825056117646696,0.6262820616116814,0.6270223792930585,0.5245954078695867,0.7389031268884266,0.626925683443756,0.35945981598811444,0.5952878081791252
Aleatori,26,0.713703475398224,0.916908557133356,0.47825056117646697,0.6262820616116814,0.6270223792930585,0.5245954078695867,0.7389031268884266,0.626925683443756,0.35945981598811444,0.5952878081791252
Aleatori,27,0.713703475398224,0.916908557133356,0.448250561176467,0.6262820616116814,0.6270223792930585,0.5245954078695867,0.7389031268884266,0.626925683443756,0.35945981598811444,0.5952878081791252
Aleatori,28,0.793703475398224,0.916908557133356,0.448250561176467,0.6262820616116814,0.6270223792930585,0.5245954078695867,0.7389031268884266,0.626925683443756,0.35945981598811444,0.5952878081791252
Aleatori,29,0.793703475398224,0.8869085571333559,0.448250561176467,0.6262820616116814,0.6270223792930585,0.5245954078695867,0.7389031268884266,0.626925683443756,0.35945981598811444,0.5952878081791252
Aleatori,30,0.793703475398224,0.8869085571333559,0.448250561176467,0.6262820616116814,0.6270223792930585,0.5245954078695867,0.7389031268884266,0.626925683443756,0.35945981598811444,0.6752878081791251
Aleatori,31,0.793703475398224,0.8869085571333559,0.448250561176467,0.6262820616116814,0.6270223792930585,0.5245954078695867,0.7389031268884266,0.626925683443756,0.32945981598811447,0.6752878081791251
Aleatori,32,0.793703475398224,0.8869085571333559,0.418250561176467,0.6262820616116814,0.6270223792930585,0.5245954078695867,0.7389031268884266,0.626925683443756,0.32945981598811447,0.6752878081791251
Aleatori,33,0.793703475398224,0.9669085571333559,0.418250561176467,0.6262820616116814,0.6270223792930585,0.5245954078695867,0.7389031268884266,0.626925683443756,0.32945981598811447,0.6752878081791251
Aleatori,34,0.8737034753982239,0.9669085571333559,0.418250561176467,0.6262820616116814,0.6270223792930585,0.5245954078695867,0.7389031268884266,0.626925683443756,0.32945981598811447,0.6752878081791251
Aleatori,35,0.8737034753982239,0.9669085571333559,0.418250561176467,0.6262820616116814,0.6270223792930585,0.5245954078695867,0.7389031268884266,0.626925683443756,0.29945981598811444,0.6752878081791251
Aleatori,36,0.8737034753982239,0.9669085571333559,0.498250561176467,0.6262820616116814,0.6270223792930585,0.5245954078695867,0.7389031268884266,0.626925683443756,0.29945981598811444,0.6752878081791251
Aleatori,37,0.9537034753982239,0.9669085571333559,0.498250561176467,0.6262820616116814,0.6270223792930585,0.5245954078695867,0.7389031268884266,0.626925683443756,0.29945981598811444,0.6752878081791251
Aleatori,38,0.9537034753982239,0.9669085571333559,0.498250561176467,0.6262820616116814,0.7070223792930584,0.5245954078695867,0.7389031268884266,0.626925683443756,0.29945981598811444,0.6752878081791251
Aleatori,39,0.9537034753982239,0.9669085571333559,0.578250561176467,0.6262820616116814,0.7070223792930584,0.5245954078695867,0.7389031268884266,0.626925683443756,0.29945981598811444,0.6752878081791251
Aleatori,40,0.9537034753982239,0.9669085571333559,0.578250561176467,0.6262820616116814,0.7070223792930584,0.5245954078695867,0.7089031268884266,0.626925683443756,0.29945981598811444,0.6752878081791251
Aleatori,41,0.9537034753982239,0.9669085571333559,0.578250561176467,0.6262820616116814,0.7070223792930584,0.49459540786958667,0.7089031268884266,0.626925683443756,0.29945981598811444,0.6752878081791251
Aleatori,42,0.9537034753982239,0.9669085571333559,0.578250561176467,0.6262820616116814,0.7070223792930584,0.49459540786958667,0.7089031268884266,0.626925683443756,0.2694598159881144,0.6752878081791251
Aleatori,43,0.9537034753982239,0.9669085571333559,0.578250561176467,0.6262820616116814,0.7070223792930584,0.5745954078695866,0.7089031268884266,0.626925683443756,0.2694598159881144,0.6752878081791251
Aleatori,44,0.9537034753982239,0.9669085571333559,0.578250561176467,0.6262820616116814,0.7870223792930584,0.5745954078695866,0.7089031268884266,0.626925683443756,0.2694598159881144,0.6752878081791251
Aleatori,45,0.9537034753982239,0.9669085571333559,0.658250561176467,0.6262820616116814,0.7870223792930584,0.5745954078695866,0.7089031268884266,0.626925683443756,0.2694598159881144,0.6752878081791251
Aleatori,46,0.9537034753982239,1.0,0.658250561176467,0.6262820616116814,0.7870223792930584,0.5745954078695866,0.7089031268884266,0.626925683443756,0.2694598159881144,0.6752878081791251
Aleatori,47,0.9537034753982239,1.0,0.658250561176467,0.6262820616116814,0.8670223792930584,0.5745954078695866,0.7089031268884266,0.626925683443756,0.2694598159881144,0.6752878081791251
Aleatori,48,0.9537034753982239,1.0,0.658250561176467,0.6262820616116814,0.9470223792930583,0.5745954078695866,0.7089031268884266,0.626925683443756,0.2694598159881144,0.6752878081791251
Aleatori,49,0.9537034753982239,1.0,0.7382505611764669,0.6262820616116814,0.9470223792930583,0.5745954078695866,0.7089031268884266,0.626925683443756,0.2694598159881144,0.6752878081791251
